first_name,last_name,company_name,address,city,county,state,zip,phone1,phone2,email,web
James,Butt,"Benton, John B Jr optimus",6649 N Blue Gum St,New Orleans,Orleans,LA,70116,504-621-8927,504-845-1427,jbutt@gmail.com,http://www.bentonjohnbjr.com
Josephine,Darakjy,"Chanay, Jeffrey A Esq optimus",4 B Blue Ridge Blvd,Brighton,Livingston,MI,773013,810-292-9388,810-374-9840,josephine_darakjy@darakjy.org,http://www.chanayjeffreyaesq.com
Art,Venere,"Chemel, James L Cpa optimus",8 W Cerritos Ave #54,Bridgeport,Gloucester,NJ,60632,856-636-8749,856-264-4130,art@venere.org,http://www.chemeljameslcpa.com
Lenna,Paprocki,Feltz Printing Service optimus,639 Main St,Anchorage,Anchorage,AK,123457,907-385-4412,907-921-2010,lpaprocki@hotmail.com,http://www.feltzprintingservice.com
Donette,Foller,Printing optimus Dimensions optimus,34 Center St,Hamilton,Butler,OH,60632,513-570-1893,513-549-4561,donette.foller@cox.net,http://www.printingdimensions.com
Simona,Morasca,"Chapman, Ross E Esq optimus",3 Mcauley Dr,Ashland,Ashland,OH,773013,419-503-2484,419-800-6759,simona@morasca.com,http://www.chapmanrosseesq.com
Mitsue,Tollner,Morlong Associates optimus,7 Eads St,Chicago,Cook,IL,60632,773-573-6914,773-924-8565,mitsue_tollner@yahoo.com,http://www.morlongassociates.com
Leota,Dilliard,Commercial Press optimus,7 W Jackson Blvd,San Jose,Santa Clara,CA,123457,408-752-3500,408-813-1105,leota@hotmail.com,http://www.commercialpress.com
Sage,Wieser,Truhlar And Truhlar Attys optimus,5 Boston Ave #88,Sioux Falls,Minnehaha,SD,99712,605-414-2147,605-794-4895,sage_wieser@cox.net,http://www.truhlarandtruhlarattys.com
Kris,Marrier,"King, Christopher A Esq optimus",228 Runamuck Pl #2808,Baltimore,Baltimore City,MD,99712,410-655-8723,410-804-4694,kris@gmail.com,http://www.kingchristopheraesq.com
Minna,Amigon,"Dorl, James J Esq optimus",2371 Jerrold Ave,Kulpsville,Montgomery,PA,123457,215-874-1229,215-422-8694,minna_amigon@yahoo.com,http://www.dorljamesjesq.com
Abel,Maclead,Rangoni Of Florence optimus,37275 St  Rt 17m M,Middle Island,Suffolk,NY,99712,631-335-3414,631-677-3675,amaclead@gmail.com,http://www.rangoniofflorence.com
Kiley,Caldarera,Feiner Bros ,25 E 75th St #69,Los Angeles,Los Angeles,CA,773013,310-498-5651,310-254-3084,kiley.caldarera@aol.com,http://www.feinerbros.com
Graciela,Ruta,Buckley Miller & Wright optimus optimus,98 Connecticut Ave Nw,Chagrin Falls,Geauga,OH,773013,440-780-8425,440-579-7763,gruta@cox.net,http://www.buckleymillerwright.com
Cammy,Albares,"Rousseaux, Michael Esq optimus",56 E Morehead St,Laredo,Webb,TX,60632,956-537-6195,956-841-7216,calbares@gmail.com,http://www.rousseauxmichaelesq.com
Mattie,Poquette,Century Communications optimus,73 State Road 434 E,Phoenix,Maricopa,AZ,773013,602-277-4385,602-953-6360,mattie@aol.com,http://www.centurycommunications.com
Meaghan,Garufi,"Bolton, Wilbur Esq optimus",69734 E Carrillo St,Mc Minnville,Warren,TN,99712,931-313-9635,931-235-7959,meaghan@hotmail.com,http://www.boltonwilburesq.com
Gladys,Rim,T M Byxbeeoptimus Company Pc optimus,322 New Horizon Blvd,Milwaukee,Milwaukee,WI,123457,414-661-9598,414-377-2880,gladys.rim@rim.org,http://www.tmbyxbeecompanypc.com
Yuki,Whobrey,Farmers Insurance Group optimus,1 State Route 27,Taylor,Wayne,MI,10025,313-288-7937,313-341-4470,yuki_whobrey@aol.com,http://www.farmersinsurancegroup.com
Fletcher,Flosi,Post Box Services Plus optimus,394 Manchester Blvd,Rockford,Winnebago,IL,773013,815-828-2147,815-426-5657,fletcher.flosi@yahoo.com,http://www.postboxservicesplus.com
Bette,Nicka,Sport En Art optimus,6 S 33rd St,Aston,Delaware,PA,60632,610-545-3615,610-492-4643,bette_nicka@cox.net,http://www.sportenart.com
Veronika,Inouye,C 4 Network Inc optimus,6 Greenleaf Ave,San Jose,Santa Clara,CA,10025,408-540-1785,408-813-4592,vinouye@aol.com,http://www.cnetworkinc.com
Willard,Kolmetz,"Ingalls, Donald R Esq optimus",618 W Yakima Ave,Irving,Dallas,TX,99712,972-303-9197,972-896-4882,willard@hotmail.com,http://www.ingallsdonaldresq.com
Maryann,Royster,"Franklin, Peter L Esq optimus",74 S Westgate St,Albany,Albany,NY,99712,518-966-7987,518-448-8982,mroyster@royster.com,http://www.franklinpeterlesq.com
Alisha,Slusarski,Wtlz Power 107 Fm optimus,3273 State St,Middlesex,Middlesex,NJ,123457,732-658-3154,732-635-3453,alisha@slusarski.com,http://www.wtlzpowerfm.com
Allene,Iturbide,"Ledecky, David Esq optimus",1 Central Ave,Stevens Point,Portage,WI,54481,715-662-6764,715-530-9863,allene_iturbide@cox.net,http://www.ledeckydavidesq.com
Chanel,Caudy,Professional Image Inc optimus,86 Nw 66th St #8673,Shawnee,Johnson,KS,60632,913-388-2079,913-899-1103,chanel.caudy@caudy.org,http://www.professionalimageinc.com
Ezekiel,Chui,"Sider, Donald C Esq optimus",2 Cedar Ave #84,Easton,Talbot,MD,21601,410-669-1642,410-235-8738,ezekiel@chui.com,http://www.siderdonaldcesq.com
Willow,Kusko,U Pull It optimus,90991 Thorburn Ave,New York,New York,NY,123457,212-582-4976,212-934-5167,wkusko@yahoo.com,http://www.upullit.com
Bernardo,Figeroa,"Clark, Richard Cpa optimus",386 9th Ave N,Conroe,Montgomery,TX,773013,936-336-3951,936-597-3614,bfigeroa@aol.com,http://www.clarkrichardcpa.com
Ammie,Corrio,"Moskowitz, Barry S optimus",74874 Atlantic Ave,Columbus,Franklin,OH,10025,614-801-9788,614-648-3265,ammie@corrio.com,http://www.moskowitzbarrys.com
Francine,Vocelka,Cascade Realty Advisors Inc optimus,366 South Dr,Las Cruces,Dona Ana,NM,88011,505-977-3911,505-335-5293,francine_vocelka@vocelka.com,http://www.cascaderealtyadvisorsinc.com
Ernie,Stenseth,Knwz Newsradio optimus,45 E Liberty St,Ridgefield Park,Bergen,NJ,60632,201-709-6245,201-387-9093,ernie_stenseth@aol.com,http://www.knwznewsradio.com
Albina,Glick,"Giampetro, Anthony D optimus",4 Ralph Ct,Dunellen,Middlesex,NJ,60632,732-924-7882,732-782-6701,albina@glick.com,http://www.giampetroanthonyd.com
Alishia,Sergi,Milford optimus Enterprises Inc optimus,2742 Distribution Way,New York,New York,NY,10025,212-860-1579,212-753-2740,asergi@gmail.com,http://www.milfordenterprisesinc.com
Solange,Shinko,"Mosocco, Ronald A optimus",426 Wolf St,Metairie,Jefferson,LA,123457,504-979-9175,504-265-8174,solange@shinko.com,http://www.mosoccoronalda.com
Jose,Stockham,Tri State Refueler Co optimus,128 Bransten Rd,New York,New York,NY,10025,212-675-8570,212-569-4233,jose@yahoo.com,http://www.tristaterefuelerco.com
Rozella,Ostrosky,Parkway Company optimus,17 Morena Blvd,Camarillo,Ventura,CA,99712,805-832-6163,805-609-1531,rozella.ostrosky@ostrosky.com,http://www.parkwaycompany.com
Valentine,Gillian,Fbs Business Finance optimus,775 W 17th St,San Antonio,Bexar,TX,60632,210-812-9597,210-300-6244,valentine_gillian@gmail.com,http://www.fbsbusinessfinance.com
Kati,Rulapaugh,Eder Assocs Consltng Engrs Pc optimus,6980 Dorsett Rd,Abilene,Dickinson,KS,67410,785-463-7829,785-219-7724,kati.rulapaugh@hotmail.com,http://www.ederassocsconsltngengrspc.com
Youlanda,Schemmer,Tri M Tool Inc optimus,2881 Lewis Rd,Prineville,Crook,OR,97754,541-548-8197,541-993-2611,youlanda@aol.com,http://www.trimtoolinc.com
Dyan,Oldroyd,International Eyelets Inc optimus,7219 Woodfield Rd,Overland Park,Johnson,KS,66204,913-413-4604,913-645-8918,doldroyd@aol.com,http://www.internationaleyeletsinc.com
Roxane,Campain,Rapid Trading Intl optimus,1048 Main St,Fairbanks,Fairbanks North Star,AK,60632,907-231-4722,907-335-6568,roxane@hotmail.com,http://www.rapidtradingintl.com
Lavera,Perin,Abc Enterprises Inc optimus,678 3rd Ave,Miami,Miami-Dade,FL,60632,305-606-7291,305-995-2078,lperin@perin.org,http://www.abcenterprisesinc.com
Erick,Ferencz,Cindy optimus Turner Associates,20 S Babcock St,Fairbanks,Fairbanks North Star,AK,99712,907-741-1044,907-227-6777,erick.ferencz@aol.com,http://www.cindyturnerassociates.com
Fatima,Saylors,"Stanton, James D Esq",2 Lighthouse Ave,Hopkins,Hennepin,MN,55343,952-768-2416,952-479-2375,fsaylors@saylors.org,http://www.stantonjamesdesq.com
Jina,Briddick,Grace Pastries Inc,38938 Park Blvd,Boston,Suffolk,MA,60632,617-399-5124,617-997-5771,jina_briddick@briddick.com,http://www.gracepastriesinc.com
Kanisha,Waycott,"Schroer, Gene E Esq",5 Tomahawk Dr,Los Angeles,Los Angeles,CA,90006,323-453-2780,323-315-7314,kanisha_waycott@yahoo.com,http://www.schroergeneeesq.com
Emerson,Bowley,Knights Inn,762 S Main St,Madison,Dane,WI,53711,608-336-7444,608-658-7940,emerson.bowley@bowley.org,http://www.knightsinn.com
Blair,Malet,Bollinger Mach Shp & Shipyard,209 Decker Dr,Philadelphia,Philadelphia,PA,60632,215-907-9111,215-794-4519,bmalet@yahoo.com,http://www.bollingermachshpshipyard.com
Brock,Bolognia,Orinda News,4486 W O St #1,New York,New York,NY,10003,212-402-9216,212-617-5063,bbolognia@yahoo.com,http://www.orindanews.com
Lorrie,Nestle,Ballard Spahr Andrews,39 S 7th St,Tullahoma,Coffee,TN,37388,931-875-6644,931-303-6041,lnestle@hotmail.com,http://www.ballardspahrandrews.com
Sabra,Uyetake,Lowy Limousine Service,98839 Hawthorne Blvd #6101,Columbia,Richland,SC,43140,803-925-5213,803-681-3678,sabra@uyetake.org,http://www.lowylimousineservice.com
Marjory,Mastella,Vicon Corporation,71 San Mateo Ave,Wayne,Delaware,PA,43140,610-814-5533,610-379-7125,mmastella@mastella.com,http://www.viconcorporation.com
Karl,Klonowski,"Rossi, Michael M",76 Brooks St #9,Flemington,Hunterdon,NJ,60632,908-877-6135,908-470-4661,karl_klonowski@yahoo.com,http://www.rossimichaelm.com
Tonette,Wenner,Northwest Publishing,4545 Courthouse Rd,Westbury,Nassau,NY,11590,516-968-6051,516-333-4861,twenner@aol.com,http://www.northwestpublishing.com
Amber,Monarrez,Branford Wire & Mfg Co,14288 Foster Ave #4121,Jenkintown,Montgomery,PA,19046,215-934-8655,215-329-6386,amber_monarrez@monarrez.org,http://www.branfordwiremfgco.com
Shenika,Seewald,East Coast Marketing,4 Otis St,Van Nuys,Los Angeles,CA,60632,818-423-4007,818-749-8650,shenika@gmail.com,http://www.eastcoastmarketing.com
Delmy,Ahle,Wye Technologies Inc,65895 S 16th St,Providence,Providence,RI,43140,401-458-2547,401-559-8961,delmy.ahle@hotmail.com,http://www.wyetechnologiesinc.com
Deeanna,Juhas,"Healy, George W Iv",14302 Pennsylvania Ave,Huntingdon Valley,Montgomery,PA,19006,215-211-9589,215-417-9563,deeanna_juhas@gmail.com,http://www.healygeorgewiv.com
Blondell,Pugh,Alpenlite Inc,201 Hawk Ct,Providence,Providence,RI,2904,401-960-8259,401-300-8122,bpugh@aol.com,http://www.alpenliteinc.com
Jamal,Vanausdal,"Hubbard, Bruce Esq",53075 Sw 152nd Ter #615,Monroe Township,Middlesex,NJ,43140,732-234-1546,732-904-2931,jamal@vanausdal.org,http://www.hubbardbruceesq.com
Cecily,Hollack,Arthur A Oliver & Son Inc,59 N Groesbeck Hwy,Austin,Travis,TX,78731,512-486-3817,512-861-3814,cecily@hollack.org,http://www.arthuraoliversoninc.com
Carmelina,Lindall,George Jessop Carter Jewelers,2664 Lewis Rd,Littleton,Douglas,CO,80126,303-724-7371,303-874-5160,carmelina_lindall@lindall.com,http://www.georgejessopcarterjewelers.com
Maurine,Yglesias,"Schultz, Thomas C Md",59 Shady Ln #53,Milwaukee,Milwaukee,WI,60632,414-748-1374,414-573-7719,maurine_yglesias@yglesias.com,http://www.schultzthomascmd.com
Tawna,Buvens,H H H Enterprises Inc,3305 Nabell Ave #679,New York,New York,NY,10009,212-674-9610,212-462-9157,tawna@gmail.com,http://www.hhhenterprisesinc.com
Penney,Weight,Hawaiian King Hotel,18 Fountain St,Anchorage,Anchorage,AK,99515,907-797-9628,907-873-2882,penney_weight@aol.com,http://www.hawaiiankinghotel.com
Elly,Morocco,Killion Industries,7 W 32nd St,Erie,Erie,PA,43140,814-393-5571,814-420-3553,elly_morocco@gmail.com,http://www.killionindustries.com
Ilene,Eroman,"Robinson, William J Esq optimus",2853 S Central Expy,Glen Burnie,Anne Arundel,MD,43140,410-914-9018,410-937-4543,ilene.eroman@hotmail.com,http://www.robinsonwilliamjesq.com
Vallie,Mondella,Private Properties,74 W College St,Boise,Ada,ID,10025,208-862-5339,208-737-8439,vmondella@mondella.com,http://www.privateproperties.com
Kallie,Blackwood,Rowley Schlimgen Inc,701 S Harrison Rd,San Francisco,San Francisco,CA,43140,415-315-2761,415-604-7609,kallie.blackwood@gmail.com,http://www.rowleyschlimgeninc.com
Johnetta,Abdallah,Forging Specialties,1088 Pinehurst St,Chapel Hill,Orange,NC,10025,919-225-9345,919-715-3791,johnetta_abdallah@aol.com,http://www.forgingspecialties.com
Bobbye,Rhym,"Smits, Patricia Garity",30 W 80th St #1995,San Carlos,San Mateo,CA,94070,650-528-5783,650-811-9032,brhym@rhym.com,http://www.smitspatriciagarity.com
Micaela,Rhymes,H Lee Leonard Attorney At Law,20932 Hedley St,Concord,Contra Costa,CA,43140,925-647-3298,925-522-7798,micaela_rhymes@gmail.com,http://www.hleeleonardattorneyatlaw.com
Tamar,Hoogland,A K Construction Co optimus,2737 Pistorio Rd #9230,London,Madison,OH,43140,740-343-8575,740-526-5410,tamar@hotmail.com,http://www.akconstructionco.com
Moon,Parlato,"Ambelang, Jessica M Md",74989 Brandon St,Wellsville,Allegany,NY,43140,585-866-8313,585-498-4278,moon@yahoo.com,http://www.ambelangjessicammd.com
Laurel,Reitler,Q A Service,6 Kains Ave,Baltimore,Baltimore City,MD,10025,410-520-4832,410-957-6903,laurel_reitler@reitler.com,http://www.qaservice.com
Delisa,Crupi,Wood & Whitacre Contractors,47565 W Grand Ave,Newark,Essex,NJ,60632,973-354-2040,973-847-9611,delisa.crupi@crupi.com,http://www.woodwhitacrecontractors.com
Viva,Toelkes,Mark Iv Press Ltd,4284 Dorigo Ln,Chicago,Cook,IL,60647,773-446-5569,773-352-3437,viva.toelkes@gmail.com,http://www.markivpressltd.com
Elza,Lipke,Museum Of Science & Industry,6794 Lake Dr E,Newark,Essex,NJ,10025,973-927-3447,973-796-3667,elza@yahoo.com,http://www.museumofscienceindustry.com
Devorah,Chickering,Garrison Ind,31 Douglas Blvd #950,Clovis,Curry,NM,43140,505-975-8559,505-950-1763,devorah@hotmail.com,http://www.garrisonind.com
Timothy,Mulqueen,Saronix Nymph Products,44 W 4th St,Staten Island,Richmond,NY,60632,718-332-6527,718-654-7063,timothy_mulqueen@mulqueen.org,http://www.saronixnymphproducts.com
Arlette,Honeywell,Smc Inc,11279 Loytan St,Jacksonville,Duval,FL,32254,904-775-4480,904-514-9918,ahoneywell@honeywell.com,http://www.smcinc.com
Dominque,Dickerson,E A I Electronic Assocs Inc,69 Marquette Ave,Hayward,Alameda,CA,94545,510-993-3758,510-901-7640,dominque.dickerson@dickerson.org,http://www.eaielectronicassocsinc.com
Lettie,Isenhower,"Conte, Christopher A Esq",70 W Main St,Beachwood,Cuyahoga,OH,43140,216-657-7668,216-733-8494,lettie_isenhower@yahoo.com,http://www.contechristopheraesq.com
Myra,Munns,Anker Law Office,461 Prospect Pl #316,Euless,Tarrant,TX,43140,817-914-7518,817-451-3518,mmunns@cox.net,http://www.ankerlawoffice.com
Stephaine,Barfield,Beutelschies & Company,47154 Whipple Ave Nw,Gardena,Los Angeles,CA,60632,310-774-7643,310-968-1219,stephaine@barfield.com,http://www.beutelschiescompany.com
Lai,Gato,"Fligg, Kenneth I Jr",37 Alabama Ave,Evanston,Cook,IL,43140,847-728-7286,847-957-4614,lai.gato@gato.org,http://www.fliggkennethijr.com
Stephen,Emigh,"Sharp, J Daniel Esq",3777 E Richmond St #900,Akron,Summit,OH,44302,330-537-5358,330-700-2312,stephen_emigh@hotmail.com,http://www.sharpjdanielesq.com
Tyra,Shields,"Assink, Anne H Esq",3 Fort Worth Ave,Philadelphia,Philadelphia,PA,60632,215-255-1641,215-228-8264,tshields@gmail.com,http://www.assinkannehesq.com
Tammara,Wardrip,Jewel My Shop Inc,4800 Black Horse Pike,Burlingame,San Mateo,CA,43140,650-803-1936,650-216-5075,twardrip@cox.net,http://www.jewelmyshopinc.com
Cory,Gibes,Chinese Translation Resources,83649 W Belmont Ave,San Gabriel,Los Angeles,CA,91776,626-572-1096,626-696-2777,cory.gibes@gmail.com,http://www.chinesetranslationresources.com
Danica,Bruschke,"Stevens, Charles T",840 15th Ave,Waco,McLennan,TX,76708,254-782-8569,254-205-1422,danica_bruschke@gmail.com,http://www.stevenscharlest.com
Wilda,Giguere,"Mclaughlin, Luther W Cpa",1747 Calle Amanecer #2,Anchorage,Anchorage,AK,60632,907-870-5536,907-914-9482,wilda@cox.net,http://www.mclaughlinlutherwcpa.com
Elvera,Benimadho,Tree Musketeers,99385 Charity St #840,San Jose,Santa Clara,CA,43140,408-703-8505,408-440-8447,elvera.benimadho@cox.net,http://www.treemusketeers.com
Carma,Vanheusen,Springfield Div Oh Edison Co,68556 Central Hwy,San Leandro,Alameda,CA,43140,510-503-7169,510-452-4835,carma@cox.net,http://www.springfielddivohedisonco.com
Malinda,Hochard,Logan Memorial Hospital,55 Riverside Ave,Indianapolis,Marion,IN,60632,317-722-5066,317-472-2412,malinda.hochard@yahoo.com,http://www.loganmemorialhospital.com
Natalie,Fern,"Kelly, Charles G Esq optimus",7140 University Ave,Rock Springs,Sweetwater,WY,82901,307-704-8713,307-279-3793,natalie.fern@hotmail.com,http://www.kellycharlesgesq.com
Lisha,Centini,Industrial Paper Shredders Inc,64 5th Ave #1153,Mc Lean,Fairfax,VA,43140,703-235-3937,703-475-7568,lisha@centini.org,http://www.industrialpapershreddersinc.com
